Propublica Number,Club Name,Tax Year,Data Source,PDF URL,Total Revenue,Total Functional Expenses,Net Income,Total Assets,Total Liabilities,Net Assets
43078945,SPEE CLUB INC,2016,Auto,,427296,342539,84757,53811,27766,26045
43078945,SPEE CLUB INC,2004,Manual,https://projects.propublica.org/nonprofits/download-filing?path=2005_06_EO%2F04-3078945_990O_200412.pdf,206337,NA,-9951,126294,2071,124223
43078945,SPEE CLUB INC,2005,Manual,https://projects.propublica.org/nonprofits/download-filing?path=2006_06_EO%2F04-3078945_990O_200512.pdf,223550,NA,-2294,124300,2371,121929
43078945,SPEE CLUB INC,2006,Manual,https://projects.propublica.org/nonprofits/download-filing?path=2007_08_EO%2F04-3078945_990O_200612.pdf,202189,NA,-12477,98292,7666,90626
43078945,SPEE CLUB INC,2007,Manual,https://projects.propublica.org/nonprofits/download-filing?path=2008_09_EO%2F04-3078945_990O_200712.pdf,195190,NA,-47333,49214,5921,43293
43078945,SPEE CLUB INC,2008,Manual,https://projects.propublica.org/nonprofits/download-filing?path=2009_06_EO%2F04-3078945_990EO_200812.pdf,241429,NA,-47433,47232,51372,-4140
43078945,SPEE CLUB INC,2009,Manual,https://projects.propublica.org/nonprofits/download-filing?path=2010_08_EO%2F04-3078945_990EO_200912.pdf,289962,NA,-16397,62453,82990,-20537
43078945,SPEE CLUB INC,2010,Manual,https://projects.propublica.org/nonprofits/download-filing?path=2011_01_EO%2F04-3078945_990EO_201006.pdf,127101,NA,-8230,45496,74263,-28767
43078945,SPEE CLUB INC,2011,Manual,https://projects.propublica.org/nonprofits/download-filing?path=2011_10_EO%2F04-3078945_990EO_201106.pdf,181329,NA,-69834,51398,149999,-98601
43078945,SPEE CLUB INC,2012,Auto,https://projects.propublica.org/nonprofits/download-filing?path=2012_10_EO%2F04-3078945_990O_201206.pdf,204391,256814,-52423,53798,204822,-151024
43078945,SPEE CLUB INC,2013,Auto,https://projects.propublica.org/nonprofits/download-filing?path=2013_12_EO%2F04-3078945_990O_201306.pdf,386941,270114,116827,150289,184486,-34197
43078945,SPEE CLUB INC,2014,Auto,https://projects.propublica.org/nonprofits/download-filing?path=2014_11_EO%2F04-3078945_990O_201406.pdf,213727,322721,-108994,45812,189003,-143191
46002810,HARVARD LAMPOON,2001,Manual,https://projects.propublica.org/nonprofits/download-filing?path=2002_07_EO%2F04-6002810_990_200112.pdf,43485,NA,-33649,2176,0,2176
46002810,HARVARD LAMPOON,2002,Manual,https://projects.propublica.org/nonprofits/download-filing?path=2003_10_EO%2F04-6002810_990_200212.pdf,65392,NA,-24794,17193,0,17193
46002810,HARVARD LAMPOON,2003,Manual,https://projects.propublica.org/nonprofits/download-filing?path=2004_12_EO%2F04-6002810_990_200312.pdf,166558,NA,77690,9117,0,9117
46002810,HARVARD LAMPOON,2004,Manual,https://projects.propublica.org/nonprofits/download-filing?path=2005_12_EO%2F04-6002810_990_200412.pdf,227500,NA,66838,0,0,0
46002810,HARVARD LAMPOON,2005,Manual,https://projects.propublica.org/nonprofits/download-filing?path=2006_11_EO%2F04-6002810_990_200512.pdf,190396,NA,-48651,1372,0,1372
46002810,HARVARD LAMPOON,2006,Manual,https://projects.propublica.org/nonprofits/download-filing?path=2007_09_EO%2F04-6002810_990_200612.pdf,190396,NA,-48651,1372,0,1372
46002810,HARVARD LAMPOON,2007,Manual,https://projects.propublica.org/nonprofits/download-filing?path=2008_12_EO%2F04-6002810_990_200712.pdf,138415,NA,-79058,5008,0,5008
46002810,HARVARD LAMPOON,2008,Manual,https://projects.propublica.org/nonprofits/download-filing?path=2009_12_EO%2F04-6002810_990_200812.pdf,130029,NA,-72718,5820,0,5820
46002810,HARVARD LAMPOON,2009,Manual,https://projects.propublica.org/nonprofits/download-filing?path=2010_12_EO%2F04-6002810_990_200912.pdf,178002,NA,-79254,19452,0,19452
46002810,HARVARD LAMPOON,2010,Auto,https://projects.propublica.org/nonprofits/download-filing?path=2011_12_EO%2F04-6002810_990_201012.pdf,219577,213834,5743,42821,0,42821
46002810,HARVARD LAMPOON,2011,Auto,https://projects.propublica.org/nonprofits/download-filing?path=2012_12_EO%2F04-6002810_990_201112.pdf,219759,193974,25785,2306,0,2306
46002810,HARVARD LAMPOON,2012,Auto,https://projects.propublica.org/nonprofits/download-filing?path=2013_12_EO%2F04-6002810_990_201212.pdf,293481,173922,119559,4701,0,4701
46002810,HARVARD LAMPOON,2013,Auto,https://projects.propublica.org/nonprofits/download-filing?path=2014_12_EO%2F04-6002810_990_201312.pdf,405767,236564,169203,17419,0,17419
46002810,HARVARD LAMPOON,2014,Auto,https://projects.propublica.org/nonprofits/download-filing?path=2015_12_T%2F04-6002810_990T_201412.pdf,142431,268569,-126138,2514,0,2514
46002810,HARVARD LAMPOON,2015,Auto,https://projects.propublica.org/nonprofits/download-filing?path=2016_11_T%2F04-6002810_990T_201512.pdf,197632,258156,-60524,38147,0,38147
42631286,HARVARD LAMPOON TRUST UNDER DECLARATION OF TRUST,2001,Manual,https://projects.propublica.org/nonprofits/download-filing?path=2002_07_EO%2F04-2631286_990_200112.pdf,488738,NA,-303912,3101942,0,3101942
42631286,HARVARD LAMPOON TRUST UNDER DECLARATION OF TRUST,2002,Manual,https://projects.propublica.org/nonprofits/download-filing?path=2003_10_EO%2F04-2631286_990_200212.pdf,348187,NA,69728,2838793,0,2838793
42631286,HARVARD LAMPOON TRUST UNDER DECLARATION OF TRUST,2003,Manual,https://projects.propublica.org/nonprofits/download-filing?path=2004_12_EO%2F04-2631286_990_200312.pdf,258775,NA,2802,3250529,0,3250529
42631286,HARVARD LAMPOON TRUST UNDER DECLARATION OF TRUST,2004,Manual,https://projects.propublica.org/nonprofits/download-filing?path=2005_11_EO%2F04-2631286_990_200412.pdf,262577,NA,107124,3567783,0,3567783
42631286,HARVARD LAMPOON TRUST UNDER DECLARATION OF TRUST,2005,Manual,https://projects.propublica.org/nonprofits/download-filing?path=2006_11_EO%2F04-2631286_990_200512.pdf,329606,NA,163116,3702312,0,3702312
42631286,HARVARD LAMPOON TRUST UNDER DECLARATION OF TRUST,2006,Manual,https://projects.propublica.org/nonprofits/download-filing?path=2007_09_EO%2F04-2631286_990_200612.pdf,123364,NA,-33459,3915693,0,3915693
42631286,HARVARD LAMPOON TRUST UNDER DECLARATION OF TRUST,2007,Manual,https://projects.propublica.org/nonprofits/download-filing?path=2008_12_EO%2F04-2631286_990_200712.pdf,193200,NA,-85632,3822186,0,3822186
42631286,HARVARD LAMPOON TRUST UNDER DECLARATION OF TRUST,2009,Manual,https://projects.propublica.org/nonprofits/download-filing?path=2010_12_EO%2F04-2631286_990_200912.pdf,-90449,NA,-283001,2536677,0,2536677
42631286,HARVARD LAMPOON TRUST UNDER DECLARATION OF TRUST,2010,Auto,https://projects.propublica.org/nonprofits/download-filing?path=2011_12_EO%2F04-2631286_990_201012.pdf,440388,289638,150750,2895083,0,2895083
42631286,HARVARD LAMPOON TRUST UNDER DECLARATION OF TRUST,2011,Auto,https://projects.propublica.org/nonprofits/download-filing?path=2012_12_EO%2F04-2631286_990_201112.pdf,727070,297340,429730,3174236,0,3174236
42631286,HARVARD LAMPOON TRUST UNDER DECLARATION OF TRUST,2012,Auto,https://projects.propublica.org/nonprofits/download-filing?path=2014_01_EO%2F04-2631286_990_201212.pdf,1259505,562264,697241,4213661,0,4213661
42631286,HARVARD LAMPOON TRUST UNDER DECLARATION OF TRUST,2013,Auto,https://projects.propublica.org/nonprofits/download-filing?path=2014_12_EO%2F04-2631286_990_201312.pdf,939036,387401,551635,5354169,0,5354169
42631286,HARVARD LAMPOON TRUST UNDER DECLARATION OF TRUST,2014,Auto,,974644,444810,529834,5685417,0,5685417
42631286,HARVARD LAMPOON TRUST UNDER DECLARATION OF TRUST,2015,Auto,,794275,496353,297922,5534919,0,5534919
42645068,HARVARD-RADCLIFFE GILBERT & SULLIVAN PLAYERS,2001,Manual,https://projects.propublica.org/nonprofits/download-filing?path=2002_12_EO%2F04-2645068_990EZ_200112.pdf,30503,NA,-7198,93451,0,93451
42645068,HARVARD-RADCLIFFE GILBERT & SULLIVAN PLAYERS,2002,Manual,https://projects.propublica.org/nonprofits/download-filing?path=2003_05_EO%2F04-2645068_990EZ_200212.pdf,44723,NA,2197,90573,0,90573
42645068,HARVARD-RADCLIFFE GILBERT & SULLIVAN PLAYERS,2003,Manual,https://projects.propublica.org/nonprofits/download-filing?path=2004_08_EO%2F04-2645068_990EZ_200312.pdf,41175,NA,-5899,88705,0,88705
42645068,HARVARD-RADCLIFFE GILBERT & SULLIVAN PLAYERS,2004,Manual,https://projects.propublica.org/nonprofits/download-filing?path=2005_07_EO%2F04-2645068_990EZ_200412.pdf,46453,NA,10859,101091,0,101091
42645068,HARVARD-RADCLIFFE GILBERT & SULLIVAN PLAYERS,2005,Manual,https://projects.propublica.org/nonprofits/download-filing?path=2006_08_EO%2F04-2645068_990EZ_200512.pdf,63615,NA,23280,124478,0,124478
42645068,HARVARD-RADCLIFFE GILBERT & SULLIVAN PLAYERS,2006,Manual,https://projects.propublica.org/nonprofits/download-filing?path=2007_12_EO%2F04-2645068_990_200612.pdf,64181,NA,-50725,67328,0,67328
42645068,HARVARD-RADCLIFFE GILBERT & SULLIVAN PLAYERS,2007,Manual,https://projects.propublica.org/nonprofits/download-filing?path=2008_09_EO%2F04-2645068_990EZ_200712.pdf,74437,NA,-45180,22537,0,22537
42645068,HARVARD-RADCLIFFE GILBERT & SULLIVAN PLAYERS,2008,Manual,https://projects.propublica.org/nonprofits/download-filing?path=2010_03_EO%2F04-2645068_990EZ_200812.pdf,64912,NA,10671,33776,0,33776
42645068,HARVARD-RADCLIFFE GILBERT & SULLIVAN PLAYERS,2009,Manual,https://projects.propublica.org/nonprofits/download-filing?path=2010_08_EO%2F04-2645068_990EZ_200912.pdf,46120,NA,9363,43139,0,43139
42645068,HARVARD-RADCLIFFE GILBERT & SULLIVAN PLAYERS,2010,Manual,https://projects.propublica.org/nonprofits/download-filing?path=2011_10_EO%2F04-2645068_990EZ_201012.pdf,65392,NA,12741,55880,0,55880
42645068,HARVARD-RADCLIFFE GILBERT & SULLIVAN PLAYERS,2011,Auto,https://projects.propublica.org/nonprofits/download-filing?path=2012_09_EO%2F04-2645068_990EZ_201112.pdf,35527,42016,-6489,50154,0,50154
42645068,HARVARD-RADCLIFFE GILBERT & SULLIVAN PLAYERS,2012,Auto,https://projects.propublica.org/nonprofits/download-filing?path=2013_08_EO%2F04-2645068_990EZ_201212.pdf,42044,41956,88,49612,0,49612
42645068,HARVARD-RADCLIFFE GILBERT & SULLIVAN PLAYERS,2013,Auto,https://projects.propublica.org/nonprofits/download-filing?path=2014_09_EO%2F04-2645068_990EZ_201312.pdf,34919,40521,-5602,44010,0,44010
42645068,HARVARD-RADCLIFFE GILBERT & SULLIVAN PLAYERS,2014,Auto,https://projects.propublica.org/nonprofits/download-filing?path=2015_07_EO%2F04-2645068_990EZ_201412.pdf,39371,32781,6590,50600,0,50600
42645068,HARVARD-RADCLIFFE GILBERT & SULLIVAN PLAYERS,2015,Auto,https://projects.propublica.org/nonprofits/download-filing?path=2016_09_EO%2F04-2645068_990EZ_201512.pdf,34242,36817,-2575,48025,0,48025
41425590,HASTY PUDDING CLUB THE INSTITUTE OF 1770,1997,Manual,https://projects.propublica.org/nonprofits/download-filing?path=2002_01_EO%2F04-1425590_990_199706.pdf,513387,NA,-81348,678790,0,678790
41425590,HASTY PUDDING CLUB THE INSTITUTE OF 1770,1998,Manual,https://projects.propublica.org/nonprofits/download-filing?path=2003_10_EO%2F04-1425590_990_199806.pdf,607287,NA,70987,749777,0,749777
41425590,HASTY PUDDING CLUB THE INSTITUTE OF 1770,1999,Manual,https://projects.propublica.org/nonprofits/download-filing?path=2003_10_EO%2F04-1425590_990_199906.pdf,828134,NA,102559,852336,0,852336
41425590,HASTY PUDDING CLUB THE INSTITUTE OF 1770,2000,Manual,https://projects.propublica.org/nonprofits/download-filing?path=2008_08_EO%2F04-1425590_990_200006.pdf,393433,NA,75461,927797,0,927797
41425590,HASTY PUDDING CLUB THE INSTITUTE OF 1770,2001,Manual,https://projects.propublica.org/nonprofits/download-filing?path=2008_08_EO%2F04-1425590_990_200106.pdf,103346,NA,-205927,515178,0,515178
41425590,HASTY PUDDING CLUB THE INSTITUTE OF 1770,2002,Manual,https://projects.propublica.org/nonprofits/download-filing?path=2008_07_EO%2F04-1425590_990_200206.pdf,370776,NA,-24125,491053,0,491053
41425590,HASTY PUDDING CLUB THE INSTITUTE OF 1770,2003,Manual,https://projects.propublica.org/nonprofits/download-filing?path=2008_07_EO%2F04-1425590_990_200306.pdf,781729,NA,382108,873161,0,873161
41425590,HASTY PUDDING CLUB THE INSTITUTE OF 1770,2004,Manual,https://projects.propublica.org/nonprofits/download-filing?path=2008_06_EO%2F04-1425590_990_200406.pdf,444971,NA,-19268,853893,0,853893
41425590,HASTY PUDDING CLUB THE INSTITUTE OF 1770,2005,Manual,https://projects.propublica.org/nonprofits/download-filing?path=2008_06_EO%2F04-1425590_990_200506.pdf,675986,NA,65238,919131,0,919131
41425590,HASTY PUDDING CLUB THE INSTITUTE OF 1770,2006,Manual,https://projects.propublica.org/nonprofits/download-filing?path=2008_06_EO%2F04-1425590_990_200606.pdf,423718,NA,-115886,803245,0,803245
41425590,HASTY PUDDING CLUB THE INSTITUTE OF 1770,2007,Manual,https://projects.propublica.org/nonprofits/download-filing?path=2008_07_EO%2F04-1425590_990_200706.pdf,378707,NA,-198267,803245,0,803245
41425590,HASTY PUDDING CLUB THE INSTITUTE OF 1770,2008,Manual,https://projects.propublica.org/nonprofits/download-filing?path=2009_06_EO%2F04-1425590_990_200806.pdf,487026,NA,-122489,604978,0,604978
41425590,HASTY PUDDING CLUB THE INSTITUTE OF 1770,2009,Manual,https://projects.propublica.org/nonprofits/download-filing?path=2010_06_EO%2F04-1425590_990EZ_200906.pdf,480835,NA,-112617,493291,114366,378925
41425590,HASTY PUDDING CLUB THE INSTITUTE OF 1770,2010,Manual,https://projects.propublica.org/nonprofits/download-filing?path=2011_03_EO%2F04-1425590_990EZ_201006.pdf,448134,NA,-99062,386679,106816,279863
41425590,HASTY PUDDING CLUB THE INSTITUTE OF 1770,2011,Auto,https://projects.propublica.org/nonprofits/download-filing?path=2012_03_EO%2F04-1425590_990_201106.pdf,494343,393827,100516,487195,106816,380379
41425590,HASTY PUDDING CLUB THE INSTITUTE OF 1770,2012,Auto,https://projects.propublica.org/nonprofits/download-filing?path=2013_06_EO%2F04-1425590_990_201206.pdf,586765,449993,136772,623967,106816,517151
41425590,HASTY PUDDING CLUB THE INSTITUTE OF 1770,2013,Auto,https://projects.propublica.org/nonprofits/download-filing?path=2014_07_EO%2F04-1425590_990_201306.pdf,1983418,802560,1180858,1698009,0,1698009
41425590,HASTY PUDDING CLUB THE INSTITUTE OF 1770,2014,Auto,https://projects.propublica.org/nonprofits/download-filing?path=2015_07_EO%2F04-1425590_990_201406.pdf,1673504,1732241,-58737,1639272,0,1639272
41425590,HASTY PUDDING CLUB THE INSTITUTE OF 1770,2015,Auto,https://projects.propublica.org/nonprofits/download-filing?path=2016_08_EO%2F04-1425590_990_201506.pdf,1759848,1426338,333510,1966705,0,1966705
42426396,HARVARD CRIMSON INC,2002,Manual,https://projects.propublica.org/nonprofits/download-filing?path=2002_06_EO%2F04-2426396_990_200201.pdf,233631,NA,-31469,660290,223814,436476
42426396,HARVARD CRIMSON INC,2003,Manual,https://projects.propublica.org/nonprofits/download-filing?path=2003_07_EO%2F04-2426396_990_200301.pdf,285832,NA,-482,531622,95628,435994
42426396,HARVARD CRIMSON INC,2004,Manual,https://projects.propublica.org/nonprofits/download-filing?path=2004_11_EO%2F04-2426396_990_200401.pdf,774413,NA,433540,1039098,169564,869534
42426396,HARVARD CRIMSON INC,2005,Manual,https://projects.propublica.org/nonprofits/download-filing?path=2005_07_EO%2F04-2426396_990_200501.pdf,716389,NA,368001,1342262,104727,1237535
42426396,HARVARD CRIMSON INC,2006,Manual,https://projects.propublica.org/nonprofits/download-filing?path=2006_08_EO%2F04-2426396_990_200601.pdf,311008,NA,-37661,1376248,176374,1199874
42426396,HARVARD CRIMSON INC,2007,Manual,https://projects.propublica.org/nonprofits/download-filing?path=2007_07_EO%2F04-2426396_990_200701.pdf,602830,NA,239672,1532232,92686,1439546
42426396,HARVARD CRIMSON INC,2008,Manual,https://projects.propublica.org/nonprofits/download-filing?path=2008_09_EO%2F04-2426396_990_200801.pdf,731492,NA,296939,1850400,113915,1736485
42426396,HARVARD CRIMSON INC,2009,Manual,https://projects.propublica.org/nonprofits/download-filing?path=2009_11_EO%2F04-2426396_990_200901.pdf,577476,NA,208108,1795015,150422,1644593
42426396,HARVARD CRIMSON INC,2010,Manual,https://projects.propublica.org/nonprofits/download-filing?path=2011_08_EO%2F04-2426396_990_201012.pdf,435393,NA,42884,1449860,66381,1383479
42426396,HARVARD CRIMSON INC,2011,Auto,https://projects.propublica.org/nonprofits/download-filing?path=2012_08_EO%2F04-2426396_990_201112.pdf,372974,393477,-20503,1447187,80012,1367175
42426396,HARVARD CRIMSON INC,2012,Auto,https://projects.propublica.org/nonprofits/download-filing?path=2014_01_EO%2F04-2426396_990_201212.pdf,583714,406813,176901,1673751,95532,1578219
42426396,HARVARD CRIMSON INC,2013,Auto,https://projects.propublica.org/nonprofits/download-filing?path=2014_12_EO%2F04-2426396_990_201312.pdf,500760,429177,71583,1689777,80965,1608812
42426396,HARVARD CRIMSON INC,2014,Auto,,353387,447670,-94283,1628592,95830,1532762
42426396,HARVARD CRIMSON INC,2015,Auto,https://projects.propublica.org/nonprofits/download-filing?path=2016_12_EO%2F04-2426396_990_201512.pdf,403292,412942,-9650,1571911,95407,1476504
222780253,THE HARVARD CRIMSON TRUST II,2001,Manual,https://projects.propublica.org/nonprofits/download-filing?path=2002_07_EO%2F22-2780253_990_200112.pdf,103931,NA,53958,3956599,9340,3947259
222780253,THE HARVARD CRIMSON TRUST II,2002,Manual,https://projects.propublica.org/nonprofits/download-filing?path=2003_06_EO%2F22-2780253_990_200212.pdf,7497,NA,-350396,3317135,3000,3314135
222780253,THE HARVARD CRIMSON TRUST II,2003,Manual,https://projects.propublica.org/nonprofits/download-filing?path=2004_06_EO%2F22-2780253_990_200312.pdf,2607,NA,-38793,3613566,54500,3559066
222780253,THE HARVARD CRIMSON TRUST II,2004,Manual,https://projects.propublica.org/nonprofits/download-filing?path=2005_07_EO%2F22-2780253_990_200412.pdf,6659,NA,-38562,3774957,172150,3602807
222780253,THE HARVARD CRIMSON TRUST II,2005,Manual,https://projects.propublica.org/nonprofits/download-filing?path=2006_08_EO%2F22-2780253_990_200512.pdf,63043,NA,-2802,3834418,177044,3657374
222780253,THE HARVARD CRIMSON TRUST II,2006,Manual,https://projects.propublica.org/nonprofits/download-filing?path=2007_07_EO%2F22-2780253_990_200612.pdf,114461,NA,-71353,3754515,10800,3743715
222780253,THE HARVARD CRIMSON TRUST II,2007,Manual,https://projects.propublica.org/nonprofits/download-filing?path=2008_07_EO%2F22-2780253_990_200712.pdf,288543,NA,231303,3991216,11600,3979616
222780253,THE HARVARD CRIMSON TRUST II,2008,Manual,https://projects.propublica.org/nonprofits/download-filing?path=2009_09_EO%2F22-2780253_990_200812.pdf,380207,NA,322357,3399366,12000,3387366
222780253,THE HARVARD CRIMSON TRUST II,2009,Manual,https://projects.propublica.org/nonprofits/download-filing?path=2010_07_EO%2F22-2780253_990_200912.pdf,235577,NA,176332,3959438,12600,3946838
222780253,THE HARVARD CRIMSON TRUST II,2010,Manual,https://projects.propublica.org/nonprofits/download-filing?path=2011_06_EO%2F22-2780253_990_201012.pdf,85685,NA,18801,4217026,12800,4204226
222780253,THE HARVARD CRIMSON TRUST II,2011,Auto,https://projects.propublica.org/nonprofits/download-filing?path=2012_07_EO%2F22-2780253_990_201112.pdf,90893,67740,23153,4172091,19547,4152544
222780253,THE HARVARD CRIMSON TRUST II,2012,Auto,https://projects.propublica.org/nonprofits/download-filing?path=2013_12_EO%2F22-2780253_990_201212.pdf,104197,66725,37472,4495311,12800,4482511
222780253,THE HARVARD CRIMSON TRUST II,2013,Auto,https://projects.propublica.org/nonprofits/download-filing?path=2014_10_EO%2F22-2780253_990_201312.pdf,177956,70361,107595,5163569,19819,5143750
222780253,THE HARVARD CRIMSON TRUST II,2014,Auto,https://projects.propublica.org/nonprofits/download-filing?path=2015_09_EO%2F22-2780253_990_201412.pdf,310428,70914,239514,5452228,6200,5446028
222780253,THE HARVARD CRIMSON TRUST II,2015,Auto,https://projects.propublica.org/nonprofits/download-filing?path=2016_12_EO%2F22-2780253_990_201512.pdf,261878,73591,188287,5355039,6200,5348839
41696700,OWL CLUB,2005,Manual,https://projects.propublica.org/nonprofits/download-filing?path=2007_08_EO%2F04-1696700_990O_200512.pdf,428542,NA,33326,628692,485899,142793
41696700,OWL CLUB,2006,Manual,https://projects.propublica.org/nonprofits/download-filing?path=2008_03_EO%2F04-1696700_990O_200612.pdf,NA,NA,NA,NA,NA,NA
41696700,OWL CLUB,2007,Manual,https://projects.propublica.org/nonprofits/download-filing?path=2008_12_EO%2F04-1696700_990O_200712.pdf,759260,NA,79245,354201,312975,41226
41696700,OWL CLUB,2008,Manual,https://projects.propublica.org/nonprofits/download-filing?path=2009_12_EO%2F04-1696700_990O_200812.pdf,309602,NA,-98390,310926,368090,-57164
41696700,OWL CLUB,2009,Manual,https://projects.propublica.org/nonprofits/download-filing?path=2010_12_EO%2F04-1696700_990O_200912.pdf,348416,NA,35562,327251,348853,-21602
41696700,OWL CLUB,2010,Auto,https://projects.propublica.org/nonprofits/download-filing?path=2011_12_EO%2F04-1696700_990O_201012.pdf,396375,343591,52784,362527,331345,31182
41696700,OWL CLUB,2011,Auto,https://projects.propublica.org/nonprofits/download-filing?path=2012_12_EO%2F04-1696700_990O_201112.pdf,356627,354699,1928,345818,312708,33110
41696700,OWL CLUB,2012,Auto,https://projects.propublica.org/nonprofits/download-filing?path=2013_12_EO%2F04-1696700_990O_201212.pdf,307650,318424,-10774,312501,290165,22336
41696700,OWL CLUB,2013,Auto,https://projects.propublica.org/nonprofits/download-filing?path=2014_12_EO%2F04-1696700_990O_201312.pdf,583611,303643,279968,374508,72204,302304
41696700,OWL CLUB,2014,Auto,https://projects.propublica.org/nonprofits/download-filing?path=2015_12_EO%2F04-1696700_990O_201412.pdf,377052,336670,40382,413326,70640,342686
41696700,OWL CLUB,2015,Manual,https://projects.propublica.org/nonprofits/download-filing?path=2016_12_EO%2F04-1696700_990O_201512.pdf,399154,NA,46220,453877,64971,388906
204744523,OWL CLUB CAPITAL MANAGEMENT INC,2006,Manual,https://projects.propublica.org/nonprofits/download-filing?path=2007_12_EO%2F20-4744523_990O_200612.pdf,252497,NA,232768,611468,3700,607768
204744523,OWL CLUB CAPITAL MANAGEMENT INC,2007,Manual,https://projects.propublica.org/nonprofits/download-filing?path=2008_12_EO%2F20-4744523_990O_200712.pdf,262257,NA,171856,782124,2500,779624
204744523,OWL CLUB CAPITAL MANAGEMENT INC,2008,Manual,https://projects.propublica.org/nonprofits/download-filing?path=2009_07_EO%2F20-4744523_990O_200812.pdf,23631,NA,-33434,755440,9250,746190
204744523,OWL CLUB CAPITAL MANAGEMENT INC,2009,Manual,https://projects.propublica.org/nonprofits/download-filing?path=2010_12_EO%2F20-4744523_990O_200912.pdf,163086,NA,155262,907802,6350,901452
204744523,OWL CLUB CAPITAL MANAGEMENT INC,2010,Auto,https://projects.propublica.org/nonprofits/download-filing?path=2011_12_EO%2F20-4744523_990O_201012.pdf,125664,38231,87433,995285,6400,988885
204744523,OWL CLUB CAPITAL MANAGEMENT INC,2011,Auto,https://projects.propublica.org/nonprofits/download-filing?path=2012_12_EO%2F20-4744523_990O_201112.pdf,83728,42585,41143,1034528,4500,1030028
204744523,OWL CLUB CAPITAL MANAGEMENT INC,2012,Auto,https://projects.propublica.org/nonprofits/download-filing?path=2013_12_EO%2F20-4744523_990O_201212.pdf,93263,4431,88832,1120860,2000,1118860
204744523,OWL CLUB CAPITAL MANAGEMENT INC,2013,Auto,https://projects.propublica.org/nonprofits/download-filing?path=2014_06_EO%2F20-4744523_990O_201312.pdf,173632,241045,-67413,1053447,2000,1051447
204744523,OWL CLUB CAPITAL MANAGEMENT INC,2014,Auto,https://projects.propublica.org/nonprofits/download-filing?path=2015_06_EO%2F20-4744523_990O_201412.pdf,110417,8383,102034,1155481,2000,1153481
204744523,OWL CLUB CAPITAL MANAGEMENT INC,2015,Auto,https://projects.propublica.org/nonprofits/download-filing?path=2016_07_EO%2F20-4744523_990O_201512.pdf,-16740,40764,-57504,1097977,2000,1095977
43573739,HARVARD KROKODILOES INC,2016,Manual,https://projects.propublica.org/nonprofits/download-filing?path=2017_01_EO%2F04-3573739_990_201608.pdf,NA,NA,NA,NA,NA,NA
43573739,HARVARD KROKODILOES INC,2002,Manual,https://projects.propublica.org/nonprofits/download-filing?path=2003_07_EO%2F04-3573739_990_200208.pdf,NA,NA,...,NA,NA,...
43573739,HARVARD KROKODILOES INC,2003,Manual,https://projects.propublica.org/nonprofits/download-filing?path=2004_07_EO%2F04-3573739_990_200308.pdf,NA,NA,...,NA,NA,...
43573739,HARVARD KROKODILOES INC,2004,Manual,https://projects.propublica.org/nonprofits/download-filing?path=2005_08_EO%2F04-3573739_990_200408.pdf,NA,NA,...,NA,NA,...
43573739,HARVARD KROKODILOES INC,2005,Manual,https://projects.propublica.org/nonprofits/download-filing?path=2006_08_EO%2F04-3573739_990_200508.pdf,NA,NA,...,NA,NA,...
43573739,HARVARD KROKODILOES INC,2006,Manual,https://projects.propublica.org/nonprofits/download-filing?path=2007_04_EO%2F04-3573739_990_200608.pdf,NA,NA,...,NA,NA,...
43573739,HARVARD KROKODILOES INC,2007,Manual,https://projects.propublica.org/nonprofits/download-filing?path=2008_07_EO%2F04-3573739_990_200708.pdf,NA,NA,...,NA,NA,...
43573739,HARVARD KROKODILOES INC,2008,Manual,https://projects.propublica.org/nonprofits/download-filing?path=2009_03_EO%2F04-3573739_990_200808.pdf,NA,NA,...,NA,NA,...
43573739,HARVARD KROKODILOES INC,2009,Manual,https://projects.propublica.org/nonprofits/download-filing?path=2010_06_EO%2F04-3573739_990_200908.pdf,NA,NA,...,NA,NA,...
43573739,HARVARD KROKODILOES INC,2010,Manual,https://projects.propublica.org/nonprofits/download-filing?path=2011_04_EO%2F04-3573739_990_201008.pdf,NA,NA,...,NA,NA,...
43573739,HARVARD KROKODILOES INC,2011,Auto,https://projects.propublica.org/nonprofits/download-filing?path=2012_02_EO%2F04-3573739_990_201108.pdf,272762,227551,45211,370710,0,370710
43573739,HARVARD KROKODILOES INC,2012,Auto,https://projects.propublica.org/nonprofits/download-filing?path=2013_02_EO%2F04-3573739_990_201208.pdf,201085,139281,61804,432514,0,432514
43573739,HARVARD KROKODILOES INC,2013,Auto,https://projects.propublica.org/nonprofits/download-filing?path=2014_01_EO%2F04-3573739_990_201308.pdf,229748,190061,39687,472201,0,472201
43573739,HARVARD KROKODILOES INC,2014,Auto,https://projects.propublica.org/nonprofits/download-filing?path=2015_01_EO%2F04-3573739_990_201408.pdf,175962,164244,11718,483920,0,483920
43573739,HARVARD KROKODILOES INC,2015,Auto,,166856,144517,22339,506259,0,506259
42628384,HARVARD GLEE CLUB INC,2001,Manual,https://projects.propublica.org/nonprofits/download-filing?path=2002_03_EO%2F04-2628384_990EZ_200106.pdf,NA,NA,...,NA,NA,...
42628384,HARVARD GLEE CLUB INC,2002,Manual,https://projects.propublica.org/nonprofits/download-filing?path=2003_06_EO%2F04-2628384_990_200206.pdf,NA,NA,...,NA,NA,...
42628384,HARVARD GLEE CLUB INC,2003,Manual,https://projects.propublica.org/nonprofits/download-filing?path=2004_06_EO%2F04-2628384_990_200306.pdf,NA,NA,...,NA,NA,...
42628384,HARVARD GLEE CLUB INC,2004,Manual,https://projects.propublica.org/nonprofits/download-filing?path=2005_07_EO%2F04-2628384_990EZ_200406.pdf,NA,NA,...,NA,NA,...
42628384,HARVARD GLEE CLUB INC,2005,Manual,https://projects.propublica.org/nonprofits/download-filing?path=2006_03_EO%2F04-2628384_990_200506.pdf,NA,NA,...,NA,NA,...
42628384,HARVARD GLEE CLUB INC,2006,Manual,https://projects.propublica.org/nonprofits/download-filing?path=2008_01_EO%2F04-2628384_990_200606.pdf,NA,NA,...,NA,NA,...
42628384,HARVARD GLEE CLUB INC,2007,Manual,https://projects.propublica.org/nonprofits/download-filing?path=2008_03_EO%2F04-2628384_990_200706.pdf,NA,NA,...,NA,NA,...
42628384,HARVARD GLEE CLUB INC,2008,Manual,https://projects.propublica.org/nonprofits/download-filing?path=2009_06_EO%2F04-2628384_990_200806.pdf,NA,NA,...,NA,NA,...
42628384,HARVARD GLEE CLUB INC,2009,Manual,https://projects.propublica.org/nonprofits/download-filing?path=2010_02_EO%2F04-2628384_990EZ_200906.pdf,NA,NA,...,NA,NA,...
42628384,HARVARD GLEE CLUB INC,2010,Manual,https://projects.propublica.org/nonprofits/download-filing?path=2011_03_EO%2F04-2628384_990EZ_201006.pdf,NA,NA,...,NA,NA,...
42628384,HARVARD GLEE CLUB INC,2011,Auto,https://projects.propublica.org/nonprofits/download-filing?path=2012_06_EO%2F04-2628384_990EZ_201106.pdf,153219,134485,18734,114748,4109,110639
42628384,HARVARD GLEE CLUB INC,2012,Auto,https://projects.propublica.org/nonprofits/download-filing?path=2013_08_EO%2F04-2628384_990EZ_201206.pdf,88643,130818,-42175,69964,1500,68464
42628384,HARVARD GLEE CLUB INC,2013,Auto,https://projects.propublica.org/nonprofits/download-filing?path=2014_07_EO%2F04-2628384_990EZ_201306.pdf,61992,78092,-16100,52364,0,52364
42628384,HARVARD GLEE CLUB INC,2014,Auto,https://projects.propublica.org/nonprofits/download-filing?path=2015_07_EO%2F04-2628384_990EZ_201406.pdf,182766,161607,21159,73523,0,73523
42628384,HARVARD GLEE CLUB INC,2015,Auto,https://projects.propublica.org/nonprofits/download-filing?path=2016_07_EO%2F04-2628384_990EZ_201506.pdf,91644,110527,-18883,54640,0,54640
460697343,HARVARD MODEL CONGRESS DUBAI,2016,Manual,https://projects.propublica.org/nonprofits/download-filing?path=2016_07_EO%2F46-0697343_990_201606.pdf,NA,NA,NA,NA,NA,NA
460697343,HARVARD MODEL CONGRESS DUBAI,2013,Manual,https://projects.propublica.org/nonprofits/download-filing?path=2013_06_EO%2F46-0697343_990_201306.pdf,NA,NA,...,NA,NA,...
460697343,HARVARD MODEL CONGRESS DUBAI,2014,Manual,https://projects.propublica.org/nonprofits/download-filing?path=2014_06_EO%2F46-0697343_990_201406.pdf,NA,NA,...,NA,NA,...
460697343,HARVARD MODEL CONGRESS DUBAI,2015,Manual,https://projects.propublica.org/nonprofits/download-filing?path=2015_07_EO%2F46-0697343_990_201506.pdf,NA,NA,...,NA,NA,...
43009105,HARVARD UNIVERSITY BAND INC,2001,Manual,https://projects.propublica.org/nonprofits/download-filing?path=2002_08_EO%2F04-3009105_990_200108.pdf,NA,NA,...,NA,NA,...
43009105,HARVARD UNIVERSITY BAND INC,2002,Manual,https://projects.propublica.org/nonprofits/download-filing?path=2003_01_EO%2F04-3009105_990_200208.pdf,NA,NA,...,NA,NA,...
43009105,HARVARD UNIVERSITY BAND INC,2003,Manual,https://projects.propublica.org/nonprofits/download-filing?path=2004_01_EO%2F04-3009105_990_200308.pdf,NA,NA,...,NA,NA,...
43009105,HARVARD UNIVERSITY BAND INC,2004,Manual,https://projects.propublica.org/nonprofits/download-filing?path=2005_01_EO%2F04-3009105_990_200408.pdf,NA,NA,...,NA,NA,...
43009105,HARVARD UNIVERSITY BAND INC,2005,Manual,https://projects.propublica.org/nonprofits/download-filing?path=2006_02_EO%2F04-3009105_990_200508.pdf,NA,NA,...,NA,NA,...
43009105,HARVARD UNIVERSITY BAND INC,2006,Manual,https://projects.propublica.org/nonprofits/download-filing?path=2007_04_EO%2F04-3009105_990_200608.pdf,NA,NA,...,NA,NA,...
43009105,HARVARD UNIVERSITY BAND INC,2007,Manual,https://projects.propublica.org/nonprofits/download-filing?path=2009_01_EO%2F04-3009105_990_200708.pdf,NA,NA,...,NA,NA,...
43009105,HARVARD UNIVERSITY BAND INC,2008,Manual,https://projects.propublica.org/nonprofits/download-filing?path=2009_03_EO%2F04-3009105_990_200808.pdf,NA,NA,...,NA,NA,...
43009105,HARVARD UNIVERSITY BAND INC,2009,Manual,https://projects.propublica.org/nonprofits/download-filing?path=2010_03_EO%2F04-3009105_990EZ_200908.pdf,NA,NA,...,NA,NA,...
43009105,HARVARD UNIVERSITY BAND INC,2010,Manual,https://projects.propublica.org/nonprofits/download-filing?path=2011_03_EO%2F04-3009105_990EZ_201008.pdf,NA,NA,...,NA,NA,...
43009105,HARVARD UNIVERSITY BAND INC,2011,Auto,https://projects.propublica.org/nonprofits/download-filing?path=2012_04_EO%2F04-3009105_990EZ_201108.pdf,115933,104834,11099,143604,0,143604
43009105,HARVARD UNIVERSITY BAND INC,2012,Auto,https://projects.propublica.org/nonprofits/download-filing?path=2013_07_EO%2F04-3009105_990EZ_201208.pdf,133067,103601,29466,173070,0,173070
43009105,HARVARD UNIVERSITY BAND INC,2013,Auto,https://projects.propublica.org/nonprofits/download-filing?path=2014_07_EO%2F04-3009105_990EZ_201308.pdf,116003,112066,3937,177007,0,177007
43009105,HARVARD UNIVERSITY BAND INC,2014,Auto,https://projects.propublica.org/nonprofits/download-filing?path=2015_07_EO%2F04-3009105_990EZ_201408.pdf,62820,83025,-20205,156802,0,156802
43009105,HARVARD UNIVERSITY BAND INC,2015,Auto,https://projects.propublica.org/nonprofits/download-filing?path=2016_07_EO%2F04-3009105_990EZ_201508.pdf,168201,174924,-6723,150079,0,150079
42456752,HARVARD INDEPENDENT INC,2001,Manual,https://projects.propublica.org/nonprofits/download-filing?path=2002_04_EO%2F04-2456752_990EZ_200101.pdf,NA,NA,...,NA,NA,...
42456752,HARVARD INDEPENDENT INC,2002,Manual,https://projects.propublica.org/nonprofits/download-filing?path=2002_04_EO%2F04-2456752_990EZ_200201.pdf,NA,NA,...,NA,NA,...
42456752,HARVARD INDEPENDENT INC,2003,Manual,https://projects.propublica.org/nonprofits/download-filing?path=2003_05_EO%2F04-2456752_990EZ_200301.pdf,NA,NA,...,NA,NA,...
42456752,HARVARD INDEPENDENT INC,2005,Manual,https://projects.propublica.org/nonprofits/download-filing?path=2006_03_EO%2F04-2456752_990ER_200501.pdf,NA,NA,...,NA,NA,...
42456752,HARVARD INDEPENDENT INC,2006,Manual,https://projects.propublica.org/nonprofits/download-filing?path=2006_07_EO%2F04-2456752_990EZ_200601.pdf,NA,NA,...,NA,NA,...
42456752,HARVARD INDEPENDENT INC,2007,Manual,https://projects.propublica.org/nonprofits/download-filing?path=2008_05_EO%2F04-2456752_990ER_200701.pdf,NA,NA,...,NA,NA,...
42456752,HARVARD INDEPENDENT INC,2008,Manual,https://projects.propublica.org/nonprofits/download-filing?path=2008_10_EO%2F04-2456752_990EZ_200801.pdf,NA,NA,...,NA,NA,...
42456752,HARVARD INDEPENDENT INC,2009,Manual,https://projects.propublica.org/nonprofits/download-filing?path=2010_07_EO%2F04-2456752_990EZ_200901.pdf,NA,NA,...,NA,NA,...
42456752,HARVARD INDEPENDENT INC,2010,Manual,https://projects.propublica.org/nonprofits/download-filing?path=2010_07_EO%2F04-2456752_990EZ_201001.pdf,NA,NA,...,NA,NA,...
42456752,HARVARD INDEPENDENT INC,2011,Manual,https://projects.propublica.org/nonprofits/download-filing?path=2012_07_EO%2F04-2456752_990ER_201101.pdf,NA,NA,...,NA,NA,...
42456752,HARVARD INDEPENDENT INC,2013,Manual,https://projects.propublica.org/nonprofits/download-filing?path=2013_06_EO%2F04-2456752_990EZ_201301.pdf,NA,NA,...,NA,NA,...
202775261,HARVARD MODEL CONGRESS INCORPORATED,2016,Auto,,157637,157365,272,108975,52,108923
202775261,HARVARD MODEL CONGRESS INCORPORATED,2008,Manual,https://projects.propublica.org/nonprofits/download-filing?path=2010_12_EO%2F20-2775261_990_200805.pdf,NA,NA,...,NA,NA,...
202775261,HARVARD MODEL CONGRESS INCORPORATED,2009,Manual,https://projects.propublica.org/nonprofits/download-filing?path=2010_12_EO%2F20-2775261_990_200905.pdf,NA,NA,...,NA,NA,...
202775261,HARVARD MODEL CONGRESS INCORPORATED,2010,Manual,https://projects.propublica.org/nonprofits/download-filing?path=2010_12_EO%2F20-2775261_990_201005.pdf,NA,NA,...,NA,NA,...
202775261,HARVARD MODEL CONGRESS INCORPORATED,2011,Auto,,122372,127229,-4857,96906,0,96906
202775261,HARVARD MODEL CONGRESS INCORPORATED,2012,Auto,,131003,135479,-4476,92430,0,92430
202775261,HARVARD MODEL CONGRESS INCORPORATED,2013,Auto,,137021,148253,-11232,81081,0,81081
202775261,HARVARD MODEL CONGRESS INCORPORATED,2014,Auto,https://projects.propublica.org/nonprofits/download-filing?path=2014_11_EO%2F20-2775261_990EZ_201405.pdf,145653,130929,14724,95805,0,95805
202775261,HARVARD MODEL CONGRESS INCORPORATED,2015,Auto,,153600,101307,52293,126225,0,126225
46042150,HARVARD YEARBOOK PUBLICATIONS INCORPORATED,2001,Manual,https://projects.propublica.org/nonprofits/download-filing?path=2002_06_EO%2F04-6042150_990_200106.pdf,NA,NA,...,NA,NA,...
46042150,HARVARD YEARBOOK PUBLICATIONS INCORPORATED,2002,Manual,https://projects.propublica.org/nonprofits/download-filing?path=2003_06_EO%2F04-6042150_990_200206.pdf,NA,NA,...,NA,NA,...
46042150,HARVARD YEARBOOK PUBLICATIONS INCORPORATED,2003,Manual,https://projects.propublica.org/nonprofits/download-filing?path=2004_03_EO%2F04-6042150_990_200306.pdf,NA,NA,...,NA,NA,...
46042150,HARVARD YEARBOOK PUBLICATIONS INCORPORATED,2004,Manual,https://projects.propublica.org/nonprofits/download-filing?path=2005_07_EO%2F04-6042150_990_200406.pdf,NA,NA,...,NA,NA,...
46042150,HARVARD YEARBOOK PUBLICATIONS INCORPORATED,2005,Manual,https://projects.propublica.org/nonprofits/download-filing?path=2006_05_EO%2F04-6042150_990_200506.pdf,NA,NA,...,NA,NA,...
46042150,HARVARD YEARBOOK PUBLICATIONS INCORPORATED,2007,Manual,https://projects.propublica.org/nonprofits/download-filing?path=2008_03_EO%2F04-6042150_990_200706.pdf,NA,NA,...,NA,NA,...
46042150,HARVARD YEARBOOK PUBLICATIONS INCORPORATED,2008,Manual,https://projects.propublica.org/nonprofits/download-filing?path=2009_03_EO%2F04-6042150_990_200806.pdf,NA,NA,...,NA,NA,...
46042150,HARVARD YEARBOOK PUBLICATIONS INCORPORATED,2009,Manual,https://projects.propublica.org/nonprofits/download-filing?path=2010_06_EO%2F04-6042150_990_200906.pdf,NA,NA,...,NA,NA,...
46042150,HARVARD YEARBOOK PUBLICATIONS INCORPORATED,2010,Manual,https://projects.propublica.org/nonprofits/download-filing?path=2011_05_EO%2F04-6042150_990_201006.pdf,NA,NA,...,NA,NA,...
46042150,HARVARD YEARBOOK PUBLICATIONS INCORPORATED,2011,Auto,https://projects.propublica.org/nonprofits/download-filing?path=2012_06_EO%2F04-6042150_990_201106.pdf,69522,40054,29468,268587,7352,261235
46042150,HARVARD YEARBOOK PUBLICATIONS INCORPORATED,2012,Auto,https://projects.propublica.org/nonprofits/download-filing?path=2013_01_EO%2F04-6042150_990_201206.pdf,120757,84069,36688,351269,53346,297923
46042150,HARVARD YEARBOOK PUBLICATIONS INCORPORATED,2013,Auto,https://projects.propublica.org/nonprofits/download-filing?path=2014_01_EO%2F04-6042150_990_201306.pdf,80313,73762,6551,360646,56172,304474
46042150,HARVARD YEARBOOK PUBLICATIONS INCORPORATED,2014,Auto,https://projects.propublica.org/nonprofits/download-filing?path=2014_12_EO%2F04-6042150_990_201406.pdf,229572,211996,17576,330918,22736,308182
46042150,HARVARD YEARBOOK PUBLICATIONS INCORPORATED,2015,Auto,https://projects.propublica.org/nonprofits/download-filing?path=2015_12_EO%2F04-6042150_990_201506.pdf,264444,231132,33312,403118,61624,341494
42597463,HARVARD DEBATE INCORPORATED QUINCY HOUSE 801,2002,Manual,https://projects.propublica.org/nonprofits/download-filing?path=2003_02_EO%2F04-2597463_990_200206.pdf,NA,NA,...,NA,NA,...
42597463,HARVARD DEBATE INCORPORATED QUINCY HOUSE 801,2003,Manual,https://projects.propublica.org/nonprofits/download-filing?path=2004_03_EO%2F04-2597463_990_200306.pdf,NA,NA,...,NA,NA,...
42597463,HARVARD DEBATE INCORPORATED QUINCY HOUSE 801,2004,Manual,https://projects.propublica.org/nonprofits/download-filing?path=2005_06_EO%2F04-2597463_990_200406.pdf,NA,NA,...,NA,NA,...
42597463,HARVARD DEBATE INCORPORATED QUINCY HOUSE 801,2005,Manual,https://projects.propublica.org/nonprofits/download-filing?path=2006_03_EO%2F04-2597463_990_200506.pdf,NA,NA,...,NA,NA,...
42597463,HARVARD DEBATE INCORPORATED QUINCY HOUSE 801,2006,Manual,https://projects.propublica.org/nonprofits/download-filing?path=2007_02_EO%2F04-2597463_990_200606.pdf,NA,NA,...,NA,NA,...
42597463,HARVARD DEBATE INCORPORATED QUINCY HOUSE 801,2007,Manual,https://projects.propublica.org/nonprofits/download-filing?path=2008_02_EO%2F04-2597463_990_200706.pdf,NA,NA,...,NA,NA,...
42597463,HARVARD DEBATE INCORPORATED QUINCY HOUSE 801,2008,Manual,https://projects.propublica.org/nonprofits/download-filing?path=2009_01_EO%2F04-2597463_990_200806.pdf,NA,NA,...,NA,NA,...
42597463,HARVARD DEBATE INCORPORATED QUINCY HOUSE 801,2009,Manual,https://projects.propublica.org/nonprofits/download-filing?path=2009_12_EO%2F04-2597463_990EZ_200906.pdf,NA,NA,...,NA,NA,...
42597463,HARVARD DEBATE INCORPORATED QUINCY HOUSE 801,2010,Manual,https://projects.propublica.org/nonprofits/download-filing?path=2011_01_EO%2F04-2597463_990EZ_201006.pdf,NA,NA,...,NA,NA,...
42597463,HARVARD DEBATE INCORPORATED QUINCY HOUSE 801,2011,Auto,https://projects.propublica.org/nonprofits/download-filing?path=2012_06_EO%2F04-2597463_990_201106.pdf,825559,777607,47952,577009,415705,161304
42597463,HARVARD DEBATE INCORPORATED QUINCY HOUSE 801,2012,Auto,https://projects.propublica.org/nonprofits/download-filing?path=2013_03_EO%2F04-2597463_990_201206.pdf,1012489,919988,92501,1069947,818261,251686
42597463,HARVARD DEBATE INCORPORATED QUINCY HOUSE 801,2013,Auto,https://projects.propublica.org/nonprofits/download-filing?path=2014_06_EO%2F04-2597463_990_201306.pdf,1413121,1351150,61971,1406342,1086946,319396
42597463,HARVARD DEBATE INCORPORATED QUINCY HOUSE 801,2014,Auto,https://projects.propublica.org/nonprofits/download-filing?path=2015_07_EO%2F04-2597463_990_201406.pdf,1649312,1499050,150262,1568719,1093697,475022
42597463,HARVARD DEBATE INCORPORATED QUINCY HOUSE 801,2015,Auto,https://projects.propublica.org/nonprofits/download-filing?path=2016_08_EO%2F04-2597463_990_201506.pdf,1659720,1546171,113549,1840044,1246861,593183
42587675,HARVARD-RADCLIFFE COLLEGIUM MUSICUM INC,2001,Manual,https://projects.propublica.org/nonprofits/download-filing?path=2002_08_EO%2F04-2587675_990R_200108.pdf,NA,NA,...,NA,NA,...
42587675,HARVARD-RADCLIFFE COLLEGIUM MUSICUM INC,2002,Manual,https://projects.propublica.org/nonprofits/download-filing?path=2003_01_EO%2F04-2587675_990_200208.pdf,NA,NA,...,NA,NA,...
42587675,HARVARD-RADCLIFFE COLLEGIUM MUSICUM INC,2003,Manual,https://projects.propublica.org/nonprofits/download-filing?path=2004_06_EO%2F04-2587675_990_200308.pdf,NA,NA,...,NA,NA,...
42587675,HARVARD-RADCLIFFE COLLEGIUM MUSICUM INC,2004,Manual,https://projects.propublica.org/nonprofits/download-filing?path=2005_07_EO%2F04-2587675_990EZ_200408.pdf,NA,NA,...,NA,NA,...
42587675,HARVARD-RADCLIFFE COLLEGIUM MUSICUM INC,2005,Manual,https://projects.propublica.org/nonprofits/download-filing?path=2006_02_EO%2F04-2587675_990EZ_200508.pdf,NA,NA,...,NA,NA,...
42587675,HARVARD-RADCLIFFE COLLEGIUM MUSICUM INC,2006,Manual,https://projects.propublica.org/nonprofits/download-filing?path=2007_08_EO%2F04-2587675_990EZ_200608.pdf,NA,NA,...,NA,NA,...
42587675,HARVARD-RADCLIFFE COLLEGIUM MUSICUM INC,2007,Manual,https://projects.propublica.org/nonprofits/download-filing?path=2008_06_EO%2F04-2587675_990_200708.pdf,NA,NA,...,NA,NA,...
42587675,HARVARD-RADCLIFFE COLLEGIUM MUSICUM INC,2008,Manual,https://projects.propublica.org/nonprofits/download-filing?path=2009_04_EO%2F04-2587675_990EZ_200808.pdf,NA,NA,...,NA,NA,...
42587675,HARVARD-RADCLIFFE COLLEGIUM MUSICUM INC,2009,Manual,https://projects.propublica.org/nonprofits/download-filing?path=2010_05_EO%2F04-2587675_990EZ_200908.pdf,NA,NA,...,NA,NA,...
42587675,HARVARD-RADCLIFFE COLLEGIUM MUSICUM INC,2010,Manual,https://projects.propublica.org/nonprofits/download-filing?path=2011_06_EO%2F04-2587675_990EZ_201008.pdf,NA,NA,...,NA,NA,...
42587675,HARVARD-RADCLIFFE COLLEGIUM MUSICUM INC,2011,Auto,https://projects.propublica.org/nonprofits/download-filing?path=2012_06_EO%2F04-2587675_990EZ_201108.pdf,183495,188893,-5398,76108,21545,54563
42587675,HARVARD-RADCLIFFE COLLEGIUM MUSICUM INC,2012,Auto,https://projects.propublica.org/nonprofits/download-filing?path=2013_07_EO%2F04-2587675_990EZ_201208.pdf,81844,79216,2628,57534,343,57191
42587675,HARVARD-RADCLIFFE COLLEGIUM MUSICUM INC,2013,Auto,https://projects.propublica.org/nonprofits/download-filing?path=2014_07_EO%2F04-2587675_990EZ_201308.pdf,98946,124670,-25724,34367,2900,31467
42587675,HARVARD-RADCLIFFE COLLEGIUM MUSICUM INC,2014,Auto,https://projects.propublica.org/nonprofits/download-filing?path=2015_05_EO%2F04-2587675_990EZ_201408.pdf,49600,45737,3863,35330,0,35330
42587675,HARVARD-RADCLIFFE COLLEGIUM MUSICUM INC,2015,Auto,https://projects.propublica.org/nonprofits/download-filing?path=2016_08_EO%2F04-2587675_990_201508.pdf,213893,207834,6059,44506,3117,41389
204741249,HARVARD COLLEGE ASSOCIATION FORUS-CHINA RELATIONS,2006,Manual,https://projects.propublica.org/nonprofits/download-filing?path=2011_05_EO%2F20-4741249_990ER_200612.pdf,NA,NA,...,NA,NA,...
204741249,HARVARD COLLEGE ASSOCIATION FORUS-CHINA RELATIONS,2007,Manual,https://projects.propublica.org/nonprofits/download-filing?path=2011_05_EO%2F20-4741249_990ER_200712.pdf,NA,NA,...,NA,NA,...
204741249,HARVARD COLLEGE ASSOCIATION FORUS-CHINA RELATIONS,2008,Manual,https://projects.propublica.org/nonprofits/download-filing?path=2009_09_EO%2F20-4741249_990EZ_200812.pdf,NA,NA,...,NA,NA,...
204741249,HARVARD COLLEGE ASSOCIATION FORUS-CHINA RELATIONS,2009,Manual,https://projects.propublica.org/nonprofits/download-filing?path=2011_03_EO%2F20-4741249_990EZ_200912.pdf,NA,NA,...,NA,NA,...
204741249,HARVARD COLLEGE ASSOCIATION FORUS-CHINA RELATIONS,2010,Manual,https://projects.propublica.org/nonprofits/download-filing?path=2011_03_EO%2F20-4741249_990EZ_201005.pdf,NA,NA,...,NA,NA,...
204741249,HARVARD COLLEGE ASSOCIATION FORUS-CHINA RELATIONS,2011,Manual,https://projects.propublica.org/nonprofits/download-filing?path=2012_07_EO%2F20-4741249_990EZ_201112.pdf,NA,NA,...,NA,NA,...
204741249,HARVARD COLLEGE ASSOCIATION FORUS-CHINA RELATIONS,2012,Auto,https://projects.propublica.org/nonprofits/download-filing?path=2013_02_EO%2F20-4741249_990EZ_201212.pdf,63945,53961,9984,36017,0,36017
204741249,HARVARD COLLEGE ASSOCIATION FORUS-CHINA RELATIONS,2013,Auto,https://projects.propublica.org/nonprofits/download-filing?path=2014_07_EO%2F20-4741249_990_201312.pdf,410868,404202,6666,36267,0,36267
204741249,HARVARD COLLEGE ASSOCIATION FORUS-CHINA RELATIONS,2014,Auto,https://projects.propublica.org/nonprofits/download-filing?path=2015_06_EO%2F20-4741249_990_201412.pdf,427687,392204,35483,70300,0,70300
204741249,HARVARD COLLEGE ASSOCIATION FORUS-CHINA RELATIONS,2015,Auto,https://projects.propublica.org/nonprofits/download-filing?path=2016_06_EO%2F20-4741249_990_201512.pdf,524927,487428,37499,107799,0,107799
42230366,HARVARD STUDENT AGENCIES INC,2016,Auto,,1870888,1752173,118715,6810087,371455,6438632
42230366,HARVARD STUDENT AGENCIES INC,2002,Manual,https://projects.propublica.org/nonprofits/download-filing?path=2003_01_EO%2F04-2230366_990_200201.pdf,1570833,NA,182949,4899554,817759,4081795
42230366,HARVARD STUDENT AGENCIES INC,2003,Manual,https://projects.propublica.org/nonprofits/download-filing?path=2003_09_EO%2F04-2230366_990_200301.pdf,1462850,NA,165603,4773210,525812,4247398
42230366,HARVARD STUDENT AGENCIES INC,2004,Manual,https://projects.propublica.org/nonprofits/download-filing?path=2004_12_EO%2F04-2230366_990_200401.pdf,1572844,NA,271581,4920315,401336,4518979
42230366,HARVARD STUDENT AGENCIES INC,2005,Manual,https://projects.propublica.org/nonprofits/download-filing?path=2006_01_EO%2F04-2230366_990_200501.pdf,2323423,NA,895688,5858721,444054,5414667
42230366,HARVARD STUDENT AGENCIES INC,2006,Manual,https://projects.propublica.org/nonprofits/download-filing?path=2006_10_EO%2F04-2230366_990_200601.pdf,1736908,NA,106448,5887449,366334,5521115
42230366,HARVARD STUDENT AGENCIES INC,2007,Manual,https://projects.propublica.org/nonprofits/download-filing?path=2008_01_EO%2F04-2230366_990_200701.pdf,1636781,NA,162343,6056501,373063,5683438
42230366,HARVARD STUDENT AGENCIES INC,2008,Manual,https://projects.propublica.org/nonprofits/download-filing?path=2008_12_EO%2F04-2230366_990_200801.pdf,1899915,NA,157264,6131823,292121,5839702
42230366,HARVARD STUDENT AGENCIES INC,2009,Manual,https://projects.propublica.org/nonprofits/download-filing?path=2010_01_T%2F04-2230366_990T_200901.pdf,NA,NA,NA,NA,NA,NA
42230366,HARVARD STUDENT AGENCIES INC,2010,Manual,https://projects.propublica.org/nonprofits/download-filing?path=2011_01_T%2F04-2230366_990T_201001.pdf,NA,NA,NA,NA,NA,NA
42230366,HARVARD STUDENT AGENCIES INC,2011,Manual,https://projects.propublica.org/nonprofits/download-filing?path=2012_01_T%2F04-2230366_990T_201101.pdf,NA,NA,NA,NA,NA,NA
42230366,HARVARD STUDENT AGENCIES INC,2012,Auto,https://projects.propublica.org/nonprofits/download-filing?path=2012_12_EO%2F04-2230366_990_201201.pdf,1722479,1567367,155112,6194546,343571,5850975
42230366,HARVARD STUDENT AGENCIES INC,2013,Auto,https://projects.propublica.org/nonprofits/download-filing?path=2014_01_EO%2F04-2230366_990_201301.pdf,1799476,1594063,205413,6458069,401681,6056388
42230366,HARVARD STUDENT AGENCIES INC,2014,Auto,https://projects.propublica.org/nonprofits/download-filing?path=2014_12_EO%2F04-2230366_990_201401.pdf,1777193,1640767,136426,6641179,448365,6192814
42230366,HARVARD STUDENT AGENCIES INC,2015,Auto,https://projects.propublica.org/nonprofits/download-filing?path=2015_12_T%2F04-2230366_990T_201501.pdf,1754283,1621219,133064,6809395,483517,6325878
42313930,HARVARD GLEE CLUB FOUNDATION INC,2001,Manual,https://projects.propublica.org/nonprofits/download-filing?path=2002_04_EO%2F04-2313930_990_200104.pdf,NA,NA,...,NA,NA,...
42313930,HARVARD GLEE CLUB FOUNDATION INC,2002,Manual,https://projects.propublica.org/nonprofits/download-filing?path=2003_01_EO%2F04-2313930_990_200204.pdf,NA,NA,...,NA,NA,...
42313930,HARVARD GLEE CLUB FOUNDATION INC,2003,Manual,https://projects.propublica.org/nonprofits/download-filing?path=2004_03_EO%2F04-2313930_990_200304.pdf,NA,NA,...,NA,NA,...
42313930,HARVARD GLEE CLUB FOUNDATION INC,2004,Manual,https://projects.propublica.org/nonprofits/download-filing?path=2004_12_EO%2F04-2313930_990_200404.pdf,NA,NA,...,NA,NA,...
42313930,HARVARD GLEE CLUB FOUNDATION INC,2005,Manual,https://projects.propublica.org/nonprofits/download-filing?path=2006_04_EO%2F04-2313930_990_200504.pdf,NA,NA,...,NA,NA,...
42313930,HARVARD GLEE CLUB FOUNDATION INC,2006,Manual,https://projects.propublica.org/nonprofits/download-filing?path=2007_04_EO%2F04-2313930_990_200604.pdf,NA,NA,...,NA,NA,...
42313930,HARVARD GLEE CLUB FOUNDATION INC,2007,Manual,https://projects.propublica.org/nonprofits/download-filing?path=2008_04_EO%2F04-2313930_990_200704.pdf,NA,NA,...,NA,NA,...
42313930,HARVARD GLEE CLUB FOUNDATION INC,2008,Manual,https://projects.propublica.org/nonprofits/download-filing?path=2009_04_EO%2F04-2313930_990_200804.pdf,NA,NA,...,NA,NA,...
42313930,HARVARD GLEE CLUB FOUNDATION INC,2009,Manual,https://projects.propublica.org/nonprofits/download-filing?path=2009_12_EO%2F04-2313930_990EZ_200904.pdf,NA,NA,...,NA,NA,...
42313930,HARVARD GLEE CLUB FOUNDATION INC,2010,Manual,https://projects.propublica.org/nonprofits/download-filing?path=2011_03_EO%2F04-2313930_990_201006.pdf,NA,NA,...,NA,NA,...
42313930,HARVARD GLEE CLUB FOUNDATION INC,2011,Manual,https://projects.propublica.org/nonprofits/download-filing?path=2012_01_EO%2F04-2313930_990_201106.pdf,NA,NA,...,NA,NA,...
42313930,HARVARD GLEE CLUB FOUNDATION INC,2012,Auto,https://projects.propublica.org/nonprofits/download-filing?path=2013_02_EO%2F04-2313930_990_201206.pdf,197722,223182,-25460,1549466,5111,1544355
42313930,HARVARD GLEE CLUB FOUNDATION INC,2013,Auto,https://projects.propublica.org/nonprofits/download-filing?path=2014_04_EO%2F04-2313930_990_201306.pdf,196831,200431,-3600,1652783,17371,1635412
42313930,HARVARD GLEE CLUB FOUNDATION INC,2014,Auto,https://projects.propublica.org/nonprofits/download-filing?path=2015_02_EO%2F04-2313930_990_201406.pdf,229500,253306,-23806,1801438,8652,1792786
42313930,HARVARD GLEE CLUB FOUNDATION INC,2015,Auto,https://projects.propublica.org/nonprofits/download-filing?path=2016_07_EO%2F04-2313930_990_201506.pdf,243409,268098,-24689,1805186,12667,1792519
43399927,HARVARD SQUARE HOMELESS SHELTER CORPORATION,1998,Manual,https://projects.propublica.org/nonprofits/download-filing?path=2002_06_EO%2F04-3399927_990_199812.pdf,NA,NA,...,NA,NA,...
43399927,HARVARD SQUARE HOMELESS SHELTER CORPORATION,1999,Manual,https://projects.propublica.org/nonprofits/download-filing?path=2002_06_EO%2F04-3399927_990_199912.pdf,NA,NA,...,NA,NA,...
43399927,HARVARD SQUARE HOMELESS SHELTER CORPORATION,2000,Manual,https://projects.propublica.org/nonprofits/download-filing?path=2002_06_EO%2F04-3399927_990_200012.pdf,NA,NA,...,NA,NA,...
43399927,HARVARD SQUARE HOMELESS SHELTER CORPORATION,2001,Manual,https://projects.propublica.org/nonprofits/download-filing?path=2002_07_EO%2F04-3399927_990_200112.pdf,NA,NA,...,NA,NA,...
43399927,HARVARD SQUARE HOMELESS SHELTER CORPORATION,2002,Manual,https://projects.propublica.org/nonprofits/download-filing?path=2003_06_EO%2F04-3399927_990_200212.pdf,NA,NA,...,NA,NA,...
43399927,HARVARD SQUARE HOMELESS SHELTER CORPORATION,2003,Manual,https://projects.propublica.org/nonprofits/download-filing?path=2004_06_EO%2F04-3399927_990_200312.pdf,NA,NA,...,NA,NA,...
43399927,HARVARD SQUARE HOMELESS SHELTER CORPORATION,2004,Manual,https://projects.propublica.org/nonprofits/download-filing?path=2005_06_EO%2F04-3399927_990_200412.pdf,NA,NA,...,NA,NA,...
43399927,HARVARD SQUARE HOMELESS SHELTER CORPORATION,2005,Manual,https://projects.propublica.org/nonprofits/download-filing?path=2006_06_EO%2F04-3399927_990EZ_200512.pdf,NA,NA,...,NA,NA,...
43399927,HARVARD SQUARE HOMELESS SHELTER CORPORATION,2007,Manual,https://projects.propublica.org/nonprofits/download-filing?path=2008_06_EO%2F04-3399927_990EZ_200712.pdf,NA,NA,...,NA,NA,...
43399927,HARVARD SQUARE HOMELESS SHELTER CORPORATION,2008,Manual,https://projects.propublica.org/nonprofits/download-filing?path=2009_06_EO%2F04-3399927_990EZ_200812.pdf,NA,NA,...,NA,NA,...
43399927,HARVARD SQUARE HOMELESS SHELTER CORPORATION,2010,Manual,https://projects.propublica.org/nonprofits/download-filing?path=2011_12_EO%2F04-3399927_990EZ_201012.pdf,NA,NA,...,NA,NA,...
43399927,HARVARD SQUARE HOMELESS SHELTER CORPORATION,2011,Auto,https://projects.propublica.org/nonprofits/download-filing?path=2012_12_EO%2F04-3399927_990EZ_201112.pdf,57941,20200,37741,207191,0,207191
43399927,HARVARD SQUARE HOMELESS SHELTER CORPORATION,2012,Auto,https://projects.propublica.org/nonprofits/download-filing?path=2013_12_EO%2F04-3399927_990EZ_201212.pdf,65931,37501,28430,235621,0,235621
43399927,HARVARD SQUARE HOMELESS SHELTER CORPORATION,2013,Auto,https://projects.propublica.org/nonprofits/download-filing?path=2014_11_EO%2F04-3399927_990EZ_201312.pdf,45165,26847,18318,253939,0,253939
43399927,HARVARD SQUARE HOMELESS SHELTER CORPORATION,2014,Auto,,43737,26128,17609,271548,0,271548
43399927,HARVARD SQUARE HOMELESS SHELTER CORPORATION,2015,Auto,https://projects.propublica.org/nonprofits/download-filing?path=2017_01_EO%2F04-3399927_990EZ_201512.pdf,56819,69146,-12327,259221,0,259221
42581946,INTERNATONAL RELATIONS COUNCIL INC HARVARD UNIVERSITY,2001,Manual,https://projects.propublica.org/nonprofits/download-filing?path=2003_01_EO%2F04-2581946_990_200104.pdf,NA,NA,...,NA,NA,...
42581946,INTERNATONAL RELATIONS COUNCIL INC HARVARD UNIVERSITY,2002,Manual,https://projects.propublica.org/nonprofits/download-filing?path=2003_12_EO%2F04-2581946_990_200204.pdf,NA,NA,...,NA,NA,...
42581946,INTERNATONAL RELATIONS COUNCIL INC HARVARD UNIVERSITY,2003,Manual,https://projects.propublica.org/nonprofits/download-filing?path=2004_01_EO%2F04-2581946_990_200304.pdf,NA,NA,...,NA,NA,...
42581946,INTERNATONAL RELATIONS COUNCIL INC HARVARD UNIVERSITY,2004,Manual,https://projects.propublica.org/nonprofits/download-filing?path=2005_03_EO%2F04-2581946_990_200404.pdf,NA,NA,...,NA,NA,...
42581946,INTERNATONAL RELATIONS COUNCIL INC HARVARD UNIVERSITY,2005,Manual,https://projects.propublica.org/nonprofits/download-filing?path=2006_03_EO%2F04-2581946_990_200504.pdf,NA,NA,...,NA,NA,...
42581946,INTERNATONAL RELATIONS COUNCIL INC HARVARD UNIVERSITY,2006,Manual,https://projects.propublica.org/nonprofits/download-filing?path=2007_02_EO%2F04-2581946_990_200604.pdf,NA,NA,...,NA,NA,...
42581946,INTERNATONAL RELATIONS COUNCIL INC HARVARD UNIVERSITY,2007,Manual,https://projects.propublica.org/nonprofits/download-filing?path=2008_03_EO%2F04-2581946_990_200704.pdf,NA,NA,...,NA,NA,...
42581946,INTERNATONAL RELATIONS COUNCIL INC HARVARD UNIVERSITY,2008,Manual,https://projects.propublica.org/nonprofits/download-filing?path=2009_04_EO%2F04-2581946_990_200804.pdf,NA,NA,...,NA,NA,...
42581946,INTERNATONAL RELATIONS COUNCIL INC HARVARD UNIVERSITY,2009,Manual,https://projects.propublica.org/nonprofits/download-filing?path=2010_03_EO%2F04-2581946_990_200904.pdf,NA,NA,...,NA,NA,...
42581946,INTERNATONAL RELATIONS COUNCIL INC HARVARD UNIVERSITY,2010,Manual,https://projects.propublica.org/nonprofits/download-filing?path=2011_03_EO%2F04-2581946_990_201004.pdf,NA,NA,...,NA,NA,...
42581946,INTERNATONAL RELATIONS COUNCIL INC HARVARD UNIVERSITY,2011,Auto,https://projects.propublica.org/nonprofits/download-filing?path=2012_04_EO%2F04-2581946_990_201104.pdf,686320,493517,192803,1016722,0,1016722
42581946,INTERNATONAL RELATIONS COUNCIL INC HARVARD UNIVERSITY,2012,Auto,https://projects.propublica.org/nonprofits/download-filing?path=2013_03_EO%2F04-2581946_990_201204.pdf,749076,670123,78953,1037575,0,1037575
42581946,INTERNATONAL RELATIONS COUNCIL INC HARVARD UNIVERSITY,2013,Auto,https://projects.propublica.org/nonprofits/download-filing?path=2014_03_EO%2F04-2581946_990_201304.pdf,787040,771839,15201,1075595,0,1075595
42581946,INTERNATONAL RELATIONS COUNCIL INC HARVARD UNIVERSITY,2014,Auto,https://projects.propublica.org/nonprofits/download-filing?path=2015_03_EO%2F04-2581946_990_201404.pdf,786271,717658,68613,1184927,20000,1164927
42581946,INTERNATONAL RELATIONS COUNCIL INC HARVARD UNIVERSITY,2015,Auto,https://projects.propublica.org/nonprofits/download-filing?path=2016_07_EO%2F04-2581946_990_201504.pdf,827594,716277,111317,1276159,0,1276159
46066702,HARVARD RADIO BROADCASTING CO INC,2001,Manual,https://projects.propublica.org/nonprofits/download-filing?path=2005_08_EO%2F04-6066702_990R_200108.pdf,NA,NA,...,NA,NA,...
46066702,HARVARD RADIO BROADCASTING CO INC,2002,Manual,https://projects.propublica.org/nonprofits/download-filing?path=2003_06_EO%2F04-6066702_990_200208.pdf,NA,NA,...,NA,NA,...
46066702,HARVARD RADIO BROADCASTING CO INC,2003,Manual,https://projects.propublica.org/nonprofits/download-filing?path=2004_05_EO%2F04-6066702_990_200308.pdf,NA,NA,...,NA,NA,...
46066702,HARVARD RADIO BROADCASTING CO INC,2004,Manual,https://projects.propublica.org/nonprofits/download-filing?path=2005_03_EO%2F04-6066702_990_200408.pdf,NA,NA,...,NA,NA,...
46066702,HARVARD RADIO BROADCASTING CO INC,2005,Manual,https://projects.propublica.org/nonprofits/download-filing?path=2006_05_EO%2F04-6066702_990_200508.pdf,NA,NA,...,NA,NA,...
46066702,HARVARD RADIO BROADCASTING CO INC,2006,Manual,https://projects.propublica.org/nonprofits/download-filing?path=2007_06_EO%2F04-6066702_990_200608.pdf,NA,NA,...,NA,NA,...
46066702,HARVARD RADIO BROADCASTING CO INC,2007,Manual,https://projects.propublica.org/nonprofits/download-filing?path=2008_10_EO%2F04-6066702_990R_200708.pdf,NA,NA,...,NA,NA,...
46066702,HARVARD RADIO BROADCASTING CO INC,2008,Manual,https://projects.propublica.org/nonprofits/download-filing?path=2009_04_EO%2F04-6066702_990_200808.pdf,NA,NA,...,NA,NA,...
46066702,HARVARD RADIO BROADCASTING CO INC,2009,Manual,https://projects.propublica.org/nonprofits/download-filing?path=2011_03_EO%2F04-6066702_990EZ_200908.pdf,NA,NA,...,NA,NA,...
46066702,HARVARD RADIO BROADCASTING CO INC,2010,Manual,https://projects.propublica.org/nonprofits/download-filing?path=2011_05_EO%2F04-6066702_990EZ_201008.pdf,NA,NA,...,NA,NA,...
46066702,HARVARD RADIO BROADCASTING CO INC,2011,Auto,https://projects.propublica.org/nonprofits/download-filing?path=2012_01_EO%2F04-6066702_990EZ_201108.pdf,143902,159523,-15621,216766,34,216732
46066702,HARVARD RADIO BROADCASTING CO INC,2012,Auto,https://projects.propublica.org/nonprofits/download-filing?path=2013_06_EO%2F04-6066702_990EZ_201208.pdf,173189,148457,24732,268705,40,268665
46066702,HARVARD RADIO BROADCASTING CO INC,2013,Auto,https://projects.propublica.org/nonprofits/download-filing?path=2014_05_EO%2F04-6066702_990EZ_201308.pdf,90137,139207,-49070,219595,0,219595
46066702,HARVARD RADIO BROADCASTING CO INC,2014,Auto,https://projects.propublica.org/nonprofits/download-filing?path=2015_04_EO%2F04-6066702_990EZ_201408.pdf,118518,149080,-30562,189834,801,189033
46066702,HARVARD RADIO BROADCASTING CO INC,2015,Auto,,99053,136174,-37121,242411,90499,151912
510201171,HARVARD-RADCLIFFE ORCHESTRA INC PIERIAN SODALITY OF 1808,2001,Manual,https://projects.propublica.org/nonprofits/download-filing?path=2002_12_EO%2F51-0201171_990EZ_200112.pdf,NA,NA,...,NA,NA,...
510201171,HARVARD-RADCLIFFE ORCHESTRA INC PIERIAN SODALITY OF 1808,2002,Manual,https://projects.propublica.org/nonprofits/download-filing?path=2003_08_EO%2F51-0201171_990EZ_200212.pdf,NA,NA,...,NA,NA,...
510201171,HARVARD-RADCLIFFE ORCHESTRA INC PIERIAN SODALITY OF 1808,2003,Manual,https://projects.propublica.org/nonprofits/download-filing?path=2004_12_EO%2F51-0201171_990EZ_200312.pdf,NA,NA,...,NA,NA,...
510201171,HARVARD-RADCLIFFE ORCHESTRA INC PIERIAN SODALITY OF 1808,2004,Manual,https://projects.propublica.org/nonprofits/download-filing?path=2005_10_EO%2F51-0201171_990EZ_200412.pdf,NA,NA,...,NA,NA,...
510201171,HARVARD-RADCLIFFE ORCHESTRA INC PIERIAN SODALITY OF 1808,2005,Manual,https://projects.propublica.org/nonprofits/download-filing?path=2006_11_EO%2F51-0201171_990EZ_200512.pdf,NA,NA,...,NA,NA,...
510201171,HARVARD-RADCLIFFE ORCHESTRA INC PIERIAN SODALITY OF 1808,2006,Manual,https://projects.propublica.org/nonprofits/download-filing?path=2008_01_EO%2F51-0201171_990EZ_200612.pdf,NA,NA,...,NA,NA,...
510201171,HARVARD-RADCLIFFE ORCHESTRA INC PIERIAN SODALITY OF 1808,2007,Manual,https://projects.propublica.org/nonprofits/download-filing?path=2008_12_EO%2F51-0201171_990EZ_200712.pdf,NA,NA,...,NA,NA,...
510201171,HARVARD-RADCLIFFE ORCHESTRA INC PIERIAN SODALITY OF 1808,2008,Manual,https://projects.propublica.org/nonprofits/download-filing?path=2009_12_EO%2F51-0201171_990EZ_200812.pdf,NA,NA,...,NA,NA,...
510201171,HARVARD-RADCLIFFE ORCHESTRA INC PIERIAN SODALITY OF 1808,2009,Manual,https://projects.propublica.org/nonprofits/download-filing?path=2010_10_EO%2F51-0201171_990EZ_200912.pdf,NA,NA,...,NA,NA,...
510201171,HARVARD-RADCLIFFE ORCHESTRA INC PIERIAN SODALITY OF 1808,2010,Manual,https://projects.propublica.org/nonprofits/download-filing?path=2011_12_EO%2F51-0201171_990EZ_201012.pdf,NA,NA,...,NA,NA,...
510201171,HARVARD-RADCLIFFE ORCHESTRA INC PIERIAN SODALITY OF 1808,2011,Auto,https://projects.propublica.org/nonprofits/download-filing?path=2012_12_EO%2F51-0201171_990_201112.pdf,214919,269408,-54489,53559,0,53559
510201171,HARVARD-RADCLIFFE ORCHESTRA INC PIERIAN SODALITY OF 1808,2012,Auto,https://projects.propublica.org/nonprofits/download-filing?path=2013_01_EO%2F51-0201171_990EZ_201207.pdf,22611,25435,-2824,50735,0,50735
510201171,HARVARD-RADCLIFFE ORCHESTRA INC PIERIAN SODALITY OF 1808,2013,Auto,https://projects.propublica.org/nonprofits/download-filing?path=2014_07_EO%2F51-0201171_990_201307.pdf,331044,323969,7075,59139,1329,57810
510201171,HARVARD-RADCLIFFE ORCHESTRA INC PIERIAN SODALITY OF 1808,2014,Auto,https://projects.propublica.org/nonprofits/download-filing?path=2015_07_EO%2F51-0201171_990EZ_201407.pdf,122849,67500,55349,114882,1723,113159
510201171,HARVARD-RADCLIFFE ORCHESTRA INC PIERIAN SODALITY OF 1808,2015,Auto,https://projects.propublica.org/nonprofits/download-filing?path=2016_08_EO%2F51-0201171_990EZ_201507.pdf,186325,179036,7289,122171,1723,120448
42444738,HARVARD PIERIAN FOUNDATION INC,2001,Manual,https://projects.propublica.org/nonprofits/download-filing?path=2002_04_EO%2F04-2444738_990EZ_200105.pdf,NA,NA,...,NA,NA,...
42444738,HARVARD PIERIAN FOUNDATION INC,2002,Manual,https://projects.propublica.org/nonprofits/download-filing?path=2003_01_EO%2F04-2444738_990EZ_200205.pdf,NA,NA,...,NA,NA,...
42444738,HARVARD PIERIAN FOUNDATION INC,2003,Manual,https://projects.propublica.org/nonprofits/download-filing?path=2003_11_EO%2F04-2444738_990EZ_200305.pdf,NA,NA,...,NA,NA,...
42444738,HARVARD PIERIAN FOUNDATION INC,2004,Manual,https://projects.propublica.org/nonprofits/download-filing?path=2005_01_EO%2F04-2444738_990EZ_200405.pdf,NA,NA,...,NA,NA,...
42444738,HARVARD PIERIAN FOUNDATION INC,2005,Manual,https://projects.propublica.org/nonprofits/download-filing?path=2006_01_EO%2F04-2444738_990EZ_200505.pdf,NA,NA,...,NA,NA,...
42444738,HARVARD PIERIAN FOUNDATION INC,2006,Manual,https://projects.propublica.org/nonprofits/download-filing?path=2007_01_EO%2F04-2444738_990EZ_200605.pdf,NA,NA,...,NA,NA,...
42444738,HARVARD PIERIAN FOUNDATION INC,2007,Manual,https://projects.propublica.org/nonprofits/download-filing?path=2007_11_EO%2F04-2444738_990EZ_200705.pdf,NA,NA,...,NA,NA,...
42444738,HARVARD PIERIAN FOUNDATION INC,2008,Manual,https://projects.propublica.org/nonprofits/download-filing?path=2009_01_EO%2F04-2444738_990EZ_200805.pdf,NA,NA,...,NA,NA,...
42444738,HARVARD PIERIAN FOUNDATION INC,2009,Manual,https://projects.propublica.org/nonprofits/download-filing?path=2010_04_EO%2F04-2444738_990EZ_200905.pdf,NA,NA,...,NA,NA,...
42444738,HARVARD PIERIAN FOUNDATION INC,2010,Manual,https://projects.propublica.org/nonprofits/download-filing?path=2011_04_EO%2F04-2444738_990EZ_201005.pdf,NA,NA,...,NA,NA,...
42444738,HARVARD PIERIAN FOUNDATION INC,2011,Auto,https://projects.propublica.org/nonprofits/download-filing?path=2012_05_EO%2F04-2444738_990EZ_201105.pdf,34630,54603,-19973,224820,4625,220195
42444738,HARVARD PIERIAN FOUNDATION INC,2012,Auto,https://projects.propublica.org/nonprofits/download-filing?path=2012_11_EO%2F04-2444738_990EZ_201205.pdf,72466,3821,68645,282865,0,282865
42444738,HARVARD PIERIAN FOUNDATION INC,2013,Auto,https://projects.propublica.org/nonprofits/download-filing?path=2014_07_EO%2F04-2444738_990EZ_201307.pdf,53510,34851,18659,333490,0,333490
42444738,HARVARD PIERIAN FOUNDATION INC,2014,Auto,https://projects.propublica.org/nonprofits/download-filing?path=2015_03_EO%2F04-2444738_990EZ_201407.pdf,16458,43315,-26857,333887,4560,329327
42444738,HARVARD PIERIAN FOUNDATION INC,2015,Auto,https://projects.propublica.org/nonprofits/download-filing?path=2016_07_EO%2F04-2444738_990EZ_201507.pdf,26013,31336,-5323,337299,4560,332739
461959847,ALPHA PHI INTERNATIONAL FRATERNITY,2016,Auto,https://projects.propublica.org/nonprofits/download-filing?path=2016_10_EO%2F46-1959847_990O_201606.pdf,200764,221526,-20762,218912,171740,47172
461959847,ALPHA PHI INTERNATIONAL FRATERNITY,2014,Auto,,104985,81584,23401,222930,182424,40506
461959847,ALPHA PHI INTERNATIONAL FRATERNITY,2015,Auto,,146193,118765,27428,245168,177234,67934
760795560,FOX CLUB UNDERGRADUATE ASSOCIATION INC,2016,Auto,,129690,117358,12332,20681,34795,-14114
760795560,FOX CLUB UNDERGRADUATE ASSOCIATION INC,2006,Manual,https://projects.propublica.org/nonprofits/download-filing?path=2008_03_EO%2F76-0795560_990O_200607.pdf,122362,NA,-6085,7438,0,7438
760795560,FOX CLUB UNDERGRADUATE ASSOCIATION INC,2007,Manual,https://projects.propublica.org/nonprofits/download-filing?path=2008_03_EO%2F76-0795560_990O_200707.pdf,113945,NA,-6867,4543,3972,571
760795560,FOX CLUB UNDERGRADUATE ASSOCIATION INC,2008,Manual,https://projects.propublica.org/nonprofits/download-filing?path=2009_01_EO%2F76-0795560_990O_200807.pdf,113755,NA,-7331,1406,8166,-6760
760795560,FOX CLUB UNDERGRADUATE ASSOCIATION INC,2009,Manual,https://projects.propublica.org/nonprofits/download-filing?path=2010_01_EO%2F76-0795560_990O_200907.pdf,101975,NA,3744,5902,8918,-3016
760795560,FOX CLUB UNDERGRADUATE ASSOCIATION INC,2010,Manual,https://projects.propublica.org/nonprofits/download-filing?path=2011_01_EO%2F76-0795560_990O_201007.pdf,100696,NA,-350,14070,17436,-3366
760795560,FOX CLUB UNDERGRADUATE ASSOCIATION INC,2011,Auto,https://projects.propublica.org/nonprofits/download-filing?path=2011_12_EO%2F76-0795560_990O_201107.pdf,115175,129254,-14079,9271,26716,-17445
760795560,FOX CLUB UNDERGRADUATE ASSOCIATION INC,2012,Auto,https://projects.propublica.org/nonprofits/download-filing?path=2012_12_EO%2F76-0795560_990O_201207.pdf,115853,134641,-18788,3076,39309,-36233
760795560,FOX CLUB UNDERGRADUATE ASSOCIATION INC,2013,Auto,https://projects.propublica.org/nonprofits/download-filing?path=2014_01_EO%2F76-0795560_990O_201307.pdf,90845,108545,-17700,7033,60966,-53933
760795560,FOX CLUB UNDERGRADUATE ASSOCIATION INC,2014,Auto,https://projects.propublica.org/nonprofits/download-filing?path=2014_12_EO%2F76-0795560_990O_201407.pdf,151853,125025,26828,21648,48753,-27105
760795560,FOX CLUB UNDERGRADUATE ASSOCIATION INC,2015,Auto,,124664,124005,659,16758,43204,-26446
43464134,THE SENECA INC,2005,Manual,https://projects.propublica.org/nonprofits/download-filing?path=2006_10_EO%2F04-3464134_990R_200512.pdf,NA,NA,NA,NA,NA,NA
43464134,THE SENECA INC,2006,Manual,https://projects.propublica.org/nonprofits/download-filing?path=2007_06_EO%2F04-3464134_990EZ_200612.pdf,NA,NA,NA,NA,NA,NA
43464134,THE SENECA INC,2008,Manual,https://projects.propublica.org/nonprofits/download-filing?path=2009_06_EO%2F04-3464134_990EZ_200812.pdf,44394,NA,13111,154032,0,154032
43464134,THE SENECA INC,2009,Manual,https://projects.propublica.org/nonprofits/download-filing?path=2010_12_EO%2F04-3464134_990EZ_200912.pdf,NA,NA,NA,NA,NA,NA
43464134,THE SENECA INC,2011,Auto,https://projects.propublica.org/nonprofits/download-filing?path=2012_01_EO%2F04-3464134_990EZ_201106.pdf,33597,24450,9147,179837,0,179837
43464134,THE SENECA INC,2012,Auto,https://projects.propublica.org/nonprofits/download-filing?path=2015_06_EO%2F04-3464134_990EZ_201206.pdf,42018,30761,11257,182115,0,182115
43464134,THE SENECA INC,2013,Auto,https://projects.propublica.org/nonprofits/download-filing?path=2015_07_EO%2F04-3464134_990EZ_201306.pdf,39856,39441,415,190103,0,190103
43464134,THE SENECA INC,2014,Auto,https://projects.propublica.org/nonprofits/download-filing?path=2015_07_EO%2F04-3464134_990EZ_201406.pdf,56209,62483,-6274,201452,0,201452
43464134,THE SENECA INC,2015,Auto,https://projects.propublica.org/nonprofits/download-filing?path=2016_08_EO%2F04-3464134_990EZ_201506.pdf,37552,36848,704,202705,0,202705
136085147,DELPHIC TRUST,2005,Manual,https://projects.propublica.org/nonprofits/download-filing?path=2006_03_EO%2F13-6085147_990O_200507.pdf,145809,NA,-48577,974989,282073,692916
136085147,DELPHIC TRUST,2006,Manual,https://projects.propublica.org/nonprofits/download-filing?path=2007_01_EO%2F13-6085147_990O_200607.pdf,177749,NA,-38492,965726,311345,654381
136085147,DELPHIC TRUST,2007,Manual,https://projects.propublica.org/nonprofits/download-filing?path=2008_02_EO%2F13-6085147_990O_200707.pdf,95684,NA,-74498,930060,350145,579915
136085147,DELPHIC TRUST,2008,Manual,https://projects.propublica.org/nonprofits/download-filing?path=2009_02_EO%2F13-6085147_990O_200807.pdf,300511,NA,114082,984094,290145,693949
136085147,DELPHIC TRUST,2009,Manual,https://projects.propublica.org/nonprofits/download-filing?path=2010_04_EO%2F13-6085147_990O_200907.pdf,10851,NA,-178061,796052,280145,515907
136085147,DELPHIC TRUST,2010,Manual,https://projects.propublica.org/nonprofits/download-filing?path=2011_02_EO%2F13-6085147_990O_201007.pdf,125575,NA,14724,799777,269145,530632
136085147,DELPHIC TRUST,2011,Auto,https://projects.propublica.org/nonprofits/download-filing?path=2012_07_EO%2F13-6085147_990O_201107.pdf,365309,166557,198752,729383,0,729383
136085147,DELPHIC TRUST,2012,Auto,https://projects.propublica.org/nonprofits/download-filing?path=2013_07_EO%2F13-6085147_990O_201207.pdf,80084,166873,-86789,1058985,416392,642593
136085147,DELPHIC TRUST,2013,Auto,https://projects.propublica.org/nonprofits/download-filing?path=2014_06_EO%2F13-6085147_990O_201307.pdf,52550,123828,-71278,1419731,850000,569731
136085147,DELPHIC TRUST,2014,Auto,https://projects.propublica.org/nonprofits/download-filing?path=2015_07_EO%2F13-6085147_990O_201407.pdf,116021,152363,-36342,1765156,848738,916418
136085147,DELPHIC TRUST,2015,Auto,https://projects.propublica.org/nonprofits/download-filing?path=2016_08_EO%2F13-6085147_990O_201507.pdf,72803,150035,-77232,1737169,848738,888431
203522249,BEE CLUB INC,2016,Auto,https://projects.propublica.org/nonprofits/download-filing?path=2017_01_EO%2F20-3522249_990O_201605.pdf,291452,401712,-110260,292774,0,292774
203522249,BEE CLUB INC,2006,Manual,https://projects.propublica.org/nonprofits/download-filing?path=2008_05_EO%2F20-3522249_990O_200605.pdf,256586,NA,175211,173956,0,173956
203522249,BEE CLUB INC,2007,Manual,https://projects.propublica.org/nonprofits/download-filing?path=2008_02_EO%2F20-3522249_990O_200705.pdf,192672,NA,115358,247792,0,247792
203522249,BEE CLUB INC,2008,Manual,https://projects.propublica.org/nonprofits/download-filing?path=2009_01_EO%2F20-3522249_990O_200805.pdf,92119,NA,-1082,252447,0,252447
203522249,BEE CLUB INC,2009,Manual,https://projects.propublica.org/nonprofits/download-filing?path=2010_06_EO%2F20-3522249_990EO_200905.pdf,89923,NA,-5975,246030,0,246030
203522249,BEE CLUB INC,2010,Manual,https://projects.propublica.org/nonprofits/download-filing?path=2011_05_EO%2F20-3522249_990EO_201005.pdf,96342,NA,-7884,238146,0,238146
203522249,BEE CLUB INC,2011,Manual,https://projects.propublica.org/nonprofits/download-filing?path=2012_05_EO%2F20-3522249_990O_201105.pdf,1464414,NA,975681,1215162,0,1215162
203522249,BEE CLUB INC,2012,Auto,https://projects.propublica.org/nonprofits/download-filing?path=2013_04_EO%2F20-3522249_990O_201205.pdf,155672,434487,-278815,939944,0,939944
203522249,BEE CLUB INC,2013,Auto,https://projects.propublica.org/nonprofits/download-filing?path=2014_06_EO%2F20-3522249_990O_201305.pdf,120767,261934,-141167,853740,0,853740
203522249,BEE CLUB INC,2014,Auto,https://projects.propublica.org/nonprofits/download-filing?path=2015_05_EO%2F20-3522249_990O_201405.pdf,143004,450499,-307495,565759,0,565759
203522249,BEE CLUB INC,2015,Auto,,232683,400538,-167855,402892,0,402892
41833930,SIGNET SOCIETY,2001,Manual,https://projects.propublica.org/nonprofits/download-filing?path=2002_02_EO%2F04-1833930_990_200106.pdf,148735,NA,-13666,1422,11518,-10096
41833930,SIGNET SOCIETY,2002,Manual,https://projects.propublica.org/nonprofits/download-filing?path=2002_12_EO%2F04-1833930_990_200206.pdf,189504,NA,16975,19487,12588,6899
41833930,SIGNET SOCIETY,2003,Manual,https://projects.propublica.org/nonprofits/download-filing?path=2004_03_EO%2F04-1833930_990_200306.pdf,175182,NA,-5303,12706,11110,1596
41833930,SIGNET SOCIETY,2004,Manual,https://projects.propublica.org/nonprofits/download-filing?path=2005_03_EO%2F04-1833930_990_200406.pdf,189049,NA,1761,14575,11218,3357
41833930,SIGNET SOCIETY,2005,Manual,https://projects.propublica.org/nonprofits/download-filing?path=2006_07_EO%2F04-1833930_990_200506.pdf,211105,NA,989,15825,11479,4346
41833930,SIGNET SOCIETY,2006,Manual,https://projects.propublica.org/nonprofits/download-filing?path=2007_05_EO%2F04-1833930_990_200606.pdf,214088,NA,-1937,64507,62098,2409
41833930,SIGNET SOCIETY,2007,Manual,https://projects.propublica.org/nonprofits/download-filing?path=2008_06_EO%2F04-1833930_990_200706.pdf,218495,NA,-793,37863,36247,1616
41833930,SIGNET SOCIETY,2008,Manual,https://projects.propublica.org/nonprofits/download-filing?path=2009_06_EO%2F04-1833930_990_200806.pdf,218057,NA,2111,134426,130699,3727
41833930,SIGNET SOCIETY,2009,Manual,https://projects.propublica.org/nonprofits/download-filing?path=2010_07_EO%2F04-1833930_990_200906.pdf,235840,NA,18164,62992,41101,21891
41833930,SIGNET SOCIETY,2010,Manual,https://projects.propublica.org/nonprofits/download-filing?path=2011_06_EO%2F04-1833930_990_201006.pdf,265492,NA,35556,98111,40664,57447
